"Distance from (1,0)",Asset name
0.13167122631033717,IBTC
0.15324581317410657,IBOVESPA
0.15289609341804156,IMA-B
0.15369426652419477,SCBTG
0.18748803555548024,S&P 500
