"Distance from (1,0)",Asset name
0.13187119778203626,BTC
0.14815266503928806,IBOVESPA
0.15181235698607787,IMA-B
0.14909864462230754,SCBTG
0.1962879288520259,S&P 500
