"Distance from (1,0)",Asset name
0.12898712285076705,IBTC
0.14997970951315456,IBOVESPA
0.15414761231983634,IMA-B
0.15209851021609083,SCBTG
0.18733991437470668,S&P 500
