"Distance from (1,0)",Asset name
0.13279974675977396,IBTC
0.1489959617658168,IBOVESPA
0.15111723047101094,IMA-B
0.15112910532770168,SCBTG
0.18995843568952067,S&P 500
