"Distance from (1,0)",Asset name
0.02803038451689989,BTC
0.023742958754221798,BNB
0.028352085592313343,ETH
0.032957325679126806,SOL
0.018939772071540448,XRP
0.12404857238274407,EUR∕USD
0.1609548456716297,NYA
0.16194748277431806,Gold
0.1503829326555635,S&P 500
