,BTC,BNB,ETH,SOL,XRP,EUR,NYA,Gold,S&P 500
Mean,34342.544710521426,296.036275625,2007.0106994160717,57.821871515178564,0.5593041401785713,1.111637738392857,15525.107893602863,2114.2511740857226,4188.962839089054
Median,30481.475586,297.930817,1848.619812,31.282353999999998,0.50566,1.094367,15735.879883,2037.09997558594,4186.09521484375
Standard Deviation,17190.86712823777,174.33299226728394,1103.7691253167109,60.683355167531374,0.28000988283331657,0.06152208818961712,1652.6362935344127,180.9558486103048,583.0986809224664
Kurtosis,-0.8301549760313587,-0.5929250893555338,-0.6400694715841659,0.08866666737928508,2.0129070856860407,-0.726478103199605,0.32326497054254855,-1.3470840963966484,0.013435703705490631
Skewness,0.37919654257321334,0.030975006714056504,0.21270267812584193,1.1250051621055128,1.3008917425793671,0.07310950429574078,-0.7591217955843426,0.35334615851378093,0.0035694043679676017
