,IBOVESPA,IMA-B,SCBTG,S&P 500
Mean,114014.09127382147,8858.34597300702,7.977432296890672,246.62385139719157
Median,112764.0,8569.517189,8.04,238.789993
Standard Deviation,8847.243905469244,700.844902350853,0.745963949075289,25.035842733678606
Kurtosis,-0.711850269504962,-1.4515833801157034,0.9528817755822936,-0.5655566533230973
Skewness,0.3556782972634858,0.21003975115832105,0.5232456205924026,0.7397614525688554
Fishers Information,0.10031800219005825,0.10899980677522574,0.11270854987727806,0.09133581486054189
MIEE,0.24412023012716394,0.2861911670287034,0.2740876642375576,0.23010679067148831
Permutation Entropy,0.8561977720628944,0.8228086397465223,0.8386208856397205,0.8612290241890536
