,IBTC,IBOVESPA,IMA-B,SCBTG,S&P 500
Mean,34.02081627210884,127376.80272108843,9875.46084602721,7.855714285714286,285.7742180816327
Median,36.209999,127668.0,9886.252229,7.91,288.290009
Standard Deviation,5.842908680803125,2017.5623725345954,38.76511435206717,0.2591115117284527,12.974041732565242
Kurtosis,-1.0172776260651593,0.8240942329896561,-0.2770808927941548,-0.41714559611594915,-0.4368381318723622
Skewness,-0.6936905131393687,-0.805890693663089,-0.6165237100922017,-0.5060570587828281,-0.24940284480254932
Fishers Information,0.061994465525041294,0.09843999638032346,0.09308118403278205,0.0980346371114356,0.10009141573613883
MIEE,0.1869231013248247,0.23684033033755097,0.22603857738707356,0.2342371191902062,0.2965468887295143
Permutation Entropy,0.8750713642002167,0.8615996660427724,0.8670426066457084,0.8637975179212295,0.8035445270066246
