,BTC,BNB,ETH,SOL,XRP,EUR,NYA,Gold,S&P 500
Mean,34651.860475455374,299.47823853104785,2028.8696370084087,58.54319129883571,0.5638729961190169,1.1120273868046573,15578.432332978009,1898.7514853730393,4204.993438839141
Median,30821.765625,299.7806245,1855.9848635,31.73303,0.5082869999999999,1.095086,15753.700195,1866.0,4192.304931640625
Standard Deviation,16988.608787385023,172.39531178920018,1089.5534064757835,60.79942597115669,0.2782724932807487,0.06186470994902322,1589.7162913222628,165.59334980409943,566.9043716586177
Kurtosis,-0.831044127191825,-0.5445458124646461,-0.6174349694740426,0.09980736846724625,2.0221772664668975,-0.7497058960367715,0.28048024420981754,1.8359008568299728,-0.005472594028324007
Skewness,0.386044248888083,0.028057836016546343,0.22222181213842224,1.1230221764262909,1.3189814473485495,0.05445092159430787,-0.7068324428844942,1.362793523086157,0.07610906438024019
